,dataset,n_clf,tree_max_depth,tree_min_entropy_diff,tree_min_node_size,svm_lambda,max_attr,mean_acc,std_acc,mean_recall,std_recall,mean_precision,std_precision,mean_f1,std_f1,mean_time,std_time
0,biodegrataion,14,10,0.01,40,0.05,20,0.810654028436019,0.010283482173628141,0.6186637975605478,0.06918210753815149,0.7904150385415128,0.03778465459668248,0.6808426653338765,0.03681175439456752,160.9129520225525,2.209973086981229
0,biodegrataion,20,10,0.01,40,0.05,20,0.8184644549763033,0.009299230378450641,0.6536366812001339,0.045521602247994265,0.7842751961780042,0.019081172166195374,0.7043396593233614,0.02451634338129052,233.46697746276857,3.2615182987164286
